,Centre,Rice,Wheat,Atta (Wheat),Gram Dal,Tur/Arhar Dal,Urad Dal,Moong Dal,Masoor Dal,Sugar,Milk @,Groundnut Oil (Packed),Mustard Oil (Packed),Vanaspati (Packed),Soya Oil (Packed),Sunflower Oil (Packed),Palm Oil (Packed),Gur,Tea Loose,Salt Pack (Iodised),Potato,Onion,Tomato
0,Average Price,38.53,33.47,38.02,72.93,111.72,107.46,104.16,94.03,41.94,55.97,188.09,166.34,138.14,148.9,162.36,112.03,48.73,274.99,21.52,22.4,26.98,24.75
1,Maximum Price,63,51,67,120,146,160,148,135,60,80,257,258,220,240,250,180,120,580,40,50,77,80
2,Minimum Price,22,20,23,57,72,72,70,70,34,30,145,135,86,105,110,71,32,125,9,7,14,6
3,Modal Price,35,29,35,65,110,110,105,90,40,52,185,165,140,150,160,105,45,240,27,15,25,20
4,NORTH ZONE,,,,,,,,,,,,,,,,,,,,,,
5,CHANDIGARH,38,28,35,74,115,109,103,96,42,55,194,176,145,155,178,123,53,272,27,22,30,32
6,DELHI,37,30,36,72,117,120,103,90,41,53,209,176,135,156,198,112,47,230,26,18,30,27
7,HISAR,30,24,31,60,105,90,95,90,39,56,185,150,125,145,180,135,37,240,24,20,25,25
8,KARNAL,42,27,34,67,117,104,105,97,41,64,194,153,142,136,178,126,43,262,27,23,31,32
9,PANCHKULA,30,25,31,59,96,92,94,86,NR,NR,189,193,164,163,193,119,NR,NR,NR,20,23,24
10,GURGAON,40,25,35,65,100,95,90,88,42,56,185,165,130,137,163,100,44,190,20,20,20,20
11,SHIMLA,36,NR,32,72,114,108,101,95,45,50,196,191,155,145,NR,NR,42,265,26,20,30,29
12,MANDI,31,NR,35,68,112,102,97,86,41,45,183,174,125,139,186,125,45,265,27,15,26,27
13,DHARAMSHALA,25,NR,29,68,117,103,95,95,42,40,NR,180,145,150,NR,NR,45,200,28,25,30,30
14,SOLAN,34,NR,29,66,113,104,90,85,42,45,182,170,150,141,185,NR,48,237,28,20,30,37
15,UNA,38,NR,32,76,107,100,102,91,40,59,NR,166,132,147,NR,NR,47,225,27,15,25,23
16,BILASPUR-HP,43,NR,31,63,107,96,103,86,40,56,NR,174,124,155,NR,NR,35,324,25,9,25,27
17,CHAMBA,25,NR,38,68,107,109,99,93,44,55,NR,175,128,132,157,110,36,227,25,18,28,30
18,HAMIRPUR-HP,33,NR,32,67,112,107,100,95,41,60,NR,182,136,NR,NR,NR,43,260,27,17,27,28
19,KULLU,31,29,36,68,118,110,91,89,41,40,NR,177,140,140,NR,180,38,NR,26,28,30,30
20,SIRMOUR,37,21,34,64,103,102,100,96,42,50,228,170,137,143,155,121,41,327,25,33,26,36
21,KINNAUR,31,NR,34,64,115,109,90,81,42,42,NR,159,140,136,NR,133,36,202,26,29,30,39
22,LAHAUL & SPITI,35,NR,35,80,110,120,110,110,45,66,NR,210,180,NR,NR,NR,52,373,28,30,50,60
23,SRINAGAR,35,35,55,103,130,127,115,113,48,45,250,177,147,170,195,NR,51,337,28,32,37,35
24,JAMMU,37,33,36,72,117,120,110,100,45,50,NR,185,142,162,183,117,43,293,28,17,25,27
25,POONCH,43,27,38,77,118,118,110,100,47,64,NR,208,158,172,174,156,46,306,20,23,27,23
26,KUPWARA,38,25,32,78,110,110,120,97,60,48,NR,190,187,175,190,150,48,307,26,20,23,29
27,AMRITSAR,33,24,27,78,121,103,113,107,42,55,200,203,188,190,203,NR,60,275,27,20,22,31
28,LUDHIANA,35,22,34,75,115,120,108,102,41,55,200,162,123,147,190,NR,50,320,28,13,27,22
29,BATHINDA,35,25,31,72,118,117,110,103,41,52,220,167,128,145,193,108,45,283,27,17,28,25
30,BARNALA,29,31,33,75,116,119,106,102,40,55,193,154,126,133,173,104,38,263,25,12,22,26
31,HOSHIARPUR,29,28,32,65,115,107,105,99,40,60,178,138,127,150,163,117,50,257,27,12,21,23
32,FARIDKOT,35,30,34,67,112,100,95,95,40,53,180,157,139,150,169,110,40,263,25,20,30,25
33,MANSA,NR,NR,NR,NR,NR,NR,NR,NR,NR,NR,NR,NR,NR,NR,NR,NR,NR,NR,NR,NR,NR,NR
34,SRI MUKTSAR SAHIB,35,31,33,68,117,110,110,98,NR,NR,NR,NR,NR,NR,NR,NR,NR,NR,NR,NR,NR,NR
35,DERA BASSI,NR,NR,NR,NR,NR,NR,NR,NR,NR,NR,NR,NR,NR,NR,NR,NR,NR,NR,NR,NR,NR,NR
36,SANGRUR,39,28,32,92,121,118,108,96,39,58,176,141,120,129,170,118,37,280,25,11,24,22
37,LUCKNOW,33,32,35,72,108,93,108,85,40,63,181,156,115,151,170,118,40,280,26,15,27,20
38,KANPUR,36,30,34,72,110,110,90,85,40,60,197,170,130,148,176,130,47,230,28,15,20,18
39,VARANASI,35,34,38,73,113,96,107,87,48,61,209,173,145,165,196,128,58,250,25,13,22,15
40,AGRA,35,32,35,68,120,91,94,81,40,65,175,141,115,140,171,100,39,280,27,14,22,20
41,JHANSI,36,26,30,62,106,93,94,86,39,51,178,159,133,138,176,138,39,241,25,16,19,15
42,MEERUT,35,29,35,87,120,118,113,112,42,62,168,163,165,160,160,138,45,252,22,19,30,22
43,ALLAHABAD,33,36,38,72,110,111,106,86,47,60,180,163,143,146,173,122,50,265,22,26,22,24
44,GORAKHPUR,29,26,33,59,99,101,107,88,41,54,179,161,154,154,184,104,46,189,24,18,23,19
45,SAHARANPUR,31,27,34,76,96,109,108,115,40,58,153,168,131,156,165,131,48,272,27,20,23,24
46,BAREILLY,29,30,34,75,122,120,112,112,39,62,192,170,132,154,182,107,42,337,28,13,22,22
47,AYODHYA,29,31,35,69,103,97,99,85,39,55,188,173,113,148,168,103,42,217,28,12,27,19
48,MORADABAD,27,30,31,68,112,110,99,96,40,63,198,158,108,155,168,109,42,269,23,12,21,21
49,ALIGARH,33,27,32,77,118,110,100,104,40,59,180,162,142,153,183,137,43,240,26,15,25,20
50,MIRZAPUR (VINDHYANCHAL),30,29,34,67,101,77,87,85,45,44,186,165,160,157,174,146,62,246,23,22,21,11
51,BANDA,37,30,36,64,105,97,97,83,41,61,193,158,133,137,164,133,44,194,17,13,16,14
52,AZAMGARH,30,29,35,69,113,121,123,97,43,62,178,165,127,164,166,122,55,335,27,20,25,20
53,GONDA (DEVIPATAN),38,25,33,75,113,119,110,90,45,60,185,170,155,160,190,140,45,340,25,22,32,28
54,AMETHI,35,28,35,71,116,93,111,92,45,62,191,176,138,155,189,117,50,265,25,22,33,37
55,BARABANKI,37,29,35,79,119,122,119,99,41,63,193,160,147,162,175,137,51,240,28,16,20,20
56,BHADOHI,34,29,35,65,106,80,100,89,42,47,190,160,145,145,185,105,45,235,25,17,22,24
57,CHANDAULI,25,29,34,68,107,100,100,85,40,60,154,150,139,139,157,102,41,208,26,12,30,10
58,FARRUKHABAD,37,29,34,67,111,89,79,85,40,63,175,167,141,147,170,106,37,283,28,10,20,19
59,GHAZIPUR,32,31,33,76,104,102,102,99,41,51,175,161,152,155,173,100,44,192,26,14,20,14
60,JAUNPUR,35,35,39,70,109,108,104,83,44,62,188,158,128,153,191,106,49,251,27,18,28,17
61,UP-PRATAPGARH,28,29,32,64,104,93,97,88,41,62,193,152,129,150,148,102,47,286,27,11,21,11
62,SAMBHAL,40,29,35,68,95,90,90,90,40,58,182,163,133,143,190,127,36,295,29,10,20,19
63,SANTKABIR NAGAR,33,28,33,68,102,104,105,90,41,62,196,166,165,158,179,NR,46,280,25,16,20,15
64,SHAHJAHANPUR,35,29,34,69,108,105,96,108,41,61,204,168,136,171,182,107,43,255,27,13,24,18
65,SITAPUR,33,31,33,75,99,95,100,90,42,59,185,168,145,158,176,119,43,242,27,11,23,21
66,SULTANPUR,25,26,35,77,92,110,110,88,41,52,216,176,123,165,160,117,45,203,27,25,30,15
67,UNNAO,35,31,34,80,110,123,90,85,40,57,198,157,140,148,168,110,47,185,26,10,21,19
68,AMBEDKAR NAGAR,37,29,35,73,88,93,107,90,41,55,192,178,135,152,158,132,48,188,27,20,28,19
69,AMROHA,40,28,32,62,100,92,95,93,40,50,173,172,138,143,168,105,37,199,25,23,22,40
70,BAGHPAT,41,NR,34,68,98,100,100,110,38,60,205,165,140,163,178,120,40,200,27,11,28,18
71,BIJNOR,34,28,35,63,99,87,90,86,40,58,164,159,127,141,141,142,41,282,16,17,17,16
72,BUDAUN,40,26,33,65,99,90,100,95,40,60,185,150,125,145,185,100,40,275,25,9,19,19
73,ETAH,31,27,34,68,120,100,95,90,40,62,208,162,145,147,172,118,40,275,25,13,30,22
74,FATEHPUR,26,29,40,69,110,153,105,95,41,64,200,182,123,148,190,115,46,228,27,12,16,12
75,GHAZIABAD,34,31,37,79,115,111,103,99,41,59,189,153,130,147,169,107,45,198,28,18,23,23
76,HARDOI,42,29,35,75,113,102,107,89,40,66,210,170,146,163,188,110,42,178,28,11,20,19
77,JALAUN,37,30,35,70,110,100,100,90,42,54,184,164,153,152,173,105,44,224,28,15,20,15
78,KAUSHAMBI,39,31,36,65,110,122,94,89,40,61,171,170,145,150,162,112,46,242,27,14,27,10
79,KUSHINAGAR,34,26,34,67,107,113,113,87,41,63,203,163,118,155,158,112,45,242,27,18,26,40
80,LAKHIMPUR KHERI,37,29,34,63,108,89,98,90,40,49,200,155,144,150,153,110,43,203,27,12,18,20
81,PILIBHIT,41,29,32,72,103,105,102,102,40,64,205,170,140,155,190,115,40,350,28,19,20,25
82,SHARWASTI,38,28,36,70,117,108,112,92,42,55,NR,173,155,149,NR,111,44,226,28,13,20,18
83,SIDDHARTH NAGAR,38,29,29,73,101,120,110,90,40,60,170,162,135,153,188,106,43,242,25,19,22,17
84,SONBHADRA,35,29,35,74,112,110,111,95,42,57,202,164,144,160,177,124,54,251,24,13,23,14
85,RAMPUR,32,29,30,61,83,95,92,90,40,50,164,165,127,154,164,114,35,220,20,12,18,16
86,BAHRAICH,31,27,33,64,112,110,109,91,40,48,162,168,135,155,173,120,46,233,29,22,28,26
87,BASTI,32,27,31,70,88,94,98,85,40,60,175,163,165,161,163,132,42,364,24,12,25,20
88,ETAWAH,45,29,36,75,118,108,104,94,40,55,197,157,142,160,188,107,44,238,28,10,22,16
89,MUZZAFARNAGAR,36,29,32,69,103,101,102,100,40,65,145,151,136,144,145,102,32,231,27,10,30,20
90,CHITRAKOOT,36,27,34,67,103,85,90,90,40,55,205,165,138,158,170,118,40,240,28,17,25,15
91,HAMIRPUR-UP,37,32,36,72,101,101,86,87,46,59,189,164,132,136,181,110,46,293,26,16,22,15
92,DEORIA,32,31,36,64,107,114,105,95,42,53,187,166,131,138,149,102,45,201,21,21,29,20
93,HAPUR,33,30,35,83,115,108,108,113,41,60,195,160,140,160,175,115,40,213,14,15,25,20
94,BULANDSHAHR,34,28,31,61,106,91,91,96,40,56,NR,150,121,142,170,96,40,257,25,15,17,16
95,KANPUR DEHAT,36,28,30,72,110,113,83,95,40,62,200,180,162,163,185,112,40,136,20,10,20,10
96,HATHRAS,35,28,33,79,98,98,93,95,39,61,170,167,148,170,173,140,38,227,25,15,24,19
97,RAEBARELI,40,31,37,71,108,107,108,93,40,65,190,152,133,137,162,108,41,240,27,11,25,20
98,LALITPUR,34,29,35,62,108,91,91,92,41,50,176,165,141,149,191,135,40,262,25,21,19,15
99,MOHABA,30,30,35,70,110,90,92,95,40,50,182,150,153,137,197,125,45,193,20,18,15,8
100,GAUTAM BUDH NAGAR,31,35,37,70,117,110,113,89,40,63,208,163,116,157,178,111,45,233,27,11,24,22
101,AURAIYA,33,30,31,62,96,98,100,77,40,64,181,162,132,135,183,130,41,260,24,14,22,15
102,MAHARAJGANJ,27,30,35,65,108,103,118,85,40,62,197,155,128,148,173,108,42,198,27,15,23,23
103,DEHRADUN,34,29,33,72,114,110,109,100,45,62,192,176,165,176,192,NR,41,283,28,23,28,25
104,HALDWANI,35,32,33,111,111,110,112,108,42,51,161,163,162,162,161,145,51,256,25,30,36,35
105,RUDRAPUR,34,27,32,70,115,104,115,103,40,61,179,159,158,150,155,104,51,212,28,15,23,17
106,HARIDWAR,36,26,35,91,111,104,105,90,42,66,168,168,164,162,166,NR,45,297,29,13,17,23
107,WEST ZONE,,,,,,,,,,,,,,,,,,,,,,
108,RAIPUR,35,34,36,63,100,96,91,89,40,52,195,182,140,150,171,137,45,265,23,23,28,17
109,DURG,24,34,39,71,103,103,110,99,40,49,187,163,125,144,162,140,48,225,10,21,25,8
110,AMBIKAPUR,22,20,25,85,108,105,104,104,40,40,184,180,158,164,163,144,38,265,13,18,23,10
111,BILASPUR-CG,39,27,29,63,100,84,101,89,40,50,185,182,153,160,174,137,45,203,26,27,28,18
112,JAGDALPUR,29,28,39,69,75,93,94,79,39,68,165,178,125,138,170,140,47,310,22,28,28,11
113,DANTEWADA,44,37,41,73,117,105,115,88,43,69,228,190,135,143,168,117,52,580,28,28,28,14
114,DHAMTARI,38,35,40,71,105,93,98,93,40,61,178,183,105,140,160,120,50,188,29,15,25,7
115,RAJNANDGAON,46,38,44,91,109,104,102,90,40,48,196,177,140,156,168,100,52,297,26,22,27,10
116,KORIYA,38,35,36,68,110,85,99,80,40,70,190,153,99,135,172,110,39,200,27,20,30,10
117,SILVASA,39,34,42,80,125,117,117,103,38,60,183,179,171,163,169,108,67,288,24,23,22,10
118,DAMAN,38,20,28,66,112,111,93,110,35,NR,200,178,160,168,180,115,45,185,27,24,NR,NR
119,DIU,37,34,NR,88,116,117,115,93,39,48,203,151,NR,NR,220,140,40,NR,16,20,23,NR
120,PANAJI,39,42,38,78,130,118,118,105,41,52,175,175,165,172,165,105,55,308,23,33,32,28
121,MARGAO,45,43,45,72,123,115,115,97,39,57,215,190,133,165,160,102,55,363,24,32,28,28
122,AHMEDABAD,27,22,28,63,102,96,92,80,38,58,185,180,152,143,166,125,51,260,14,25,20,42
123,RAJKOT,38,34,36,72,107,91,90,93,40,57,180,161,143,160,155,121,54,300,17,22,25,30
124,SURAT,NR,NR,NR,NR,NR,NR,NR,NR,NR,NR,NR,NR,NR,NR,NR,NR,NR,NR,NR,NR,NR,NR
125,BHUJ,NR,NR,NR,NR,NR,NR,NR,NR,NR,NR,NR,NR,NR,NR,NR,NR,NR,NR,NR,NR,NR,NR
126,SELAMBA,52,40,42,75,109,108,107,98,40,61,173,163,113,140,168,130,43,405,22,25,19,32
127,WAGHAI,29,33,34,65,100,100,97,100,43,53,181,188,164,168,194,155,41,450,10,33,34,22
128,BODELI,NR,NR,NR,NR,NR,NR,NR,NR,NR,NR,NR,NR,NR,NR,NR,NR,NR,NR,NR,NR,NR,NR
129,VAPI,NR,NR,NR,NR,NR,NR,NR,NR,NR,NR,NR,NR,NR,NR,NR,NR,NR,NR,NR,NR,NR,NR
130,BILIMORA,NR,NR,NR,NR,NR,NR,NR,NR,NR,NR,NR,NR,NR,NR,NR,NR,NR,NR,NR,NR,NR,NR
131,IDAR,NR,NR,NR,NR,NR,NR,NR,NR,NR,NR,NR,NR,NR,NR,NR,NR,NR,NR,NR,NR,NR,NR
132,JHALOD,NR,NR,NR,NR,NR,NR,NR,NR,NR,NR,NR,NR,NR,NR,NR,NR,NR,NR,NR,NR,NR,NR
133,SONGASH,NR,NR,NR,NR,NR,NR,NR,NR,NR,NR,NR,NR,NR,NR,NR,NR,NR,NR,NR,NR,NR,NR
134,BHOPAL,29,30,35,68,112,101,95,90,38,58,170,170,133,130,160,NR,41,238,17,19,14,13
135,INDORE,35,26,29,71,105,100,95,95,42,60,185,165,140,141,156,125,50,245,19,20,19,18
136,GWALIOR,35,36,42,65,115,91,99,81,43,65,196,163,128,145,173,NR,42,235,27,25,21,16
137,JABALPUR,NR,NR,NR,NR,NR,NR,NR,NR,NR,NR,NR,NR,NR,NR,NR,NR,NR,NR,NR,NR,NR,NR
138,REWA,NR,NR,NR,NR,NR,NR,NR,NR,NR,NR,NR,NR,NR,NR,NR,NR,NR,NR,NR,NR,NR,NR
139,SAGAR,36,32,35,65,99,94,97,91,39,52,188,172,131,139,165,102,37,190,18,14,18,8
140,JHABUA,33,30,34,72,110,103,102,105,45,56,185,175,158,141,191,NR,55,282,20,21,22,24
141,HOSHANGABAD,40,31,32,68,110,94,99,92,40,50,180,162,125,140,174,116,42,305,13,18,24,15
142,SHAHDOL,29,35,32,59,108,86,86,87,41,74,185,153,141,135,183,NR,44,178,26,25,20,11
143,UJJAIN,32,28,32,62,120,87,90,86,40,56,173,158,128,134,174,118,40,185,16,23,15,12
144,MORENA,30,27,35,60,110,85,90,85,40,55,185,145,115,140,155,110,35,240,15,10,20,10
145,ANUPPUR,NR,NR,NR,NR,NR,NR,NR,NR,NR,NR,NR,NR,NR,NR,NR,NR,NR,NR,NR,NR,NR,NR
146,BHIND,30,29,36,60,110,85,90,85,40,55,185,145,115,140,155,110,35,240,15,10,20,10
147,DHAR,34,29,36,84,112,96,101,105,39,57,172,165,138,133,175,176,41,197,25,19,28,16
148,HARDA,32,29,34,65,112,107,96,100,38,55,179,178,132,131,173,NR,38,193,27,20,20,15
149,KATNI,25,35,30,65,105,92,90,80,40,50,190,135,100,125,155,115,40,180,28,10,20,6
150,KHANDWA,30,33,37,62,112,100,114,103,41,53,169,159,149,127,163,NR,49,276,22,25,25,13
151,MANDLA,28,32,36,57,72,83,87,85,39,40,193,150,103,130,172,100,40,272,16,15,17,6
152,RAJGARH,NR,NR,NR,NR,NR,NR,NR,NR,NR,NR,NR,NR,NR,NR,NR,NR,NR,NR,NR,NR,NR,NR
153,SIDHI,36,22,33,70,95,72,70,78,43,45,230,185,NR,150,145,NR,44,450,15,16,22,10
154,CHATTARPUR,NR,NR,NR,NR,NR,NR,NR,NR,NR,NR,NR,NR,NR,NR,NR,NR,NR,NR,NR,NR,NR,NR
155,NEEMUCH,NR,NR,NR,NR,NR,NR,NR,NR,NR,NR,NR,NR,NR,NR,NR,NR,NR,NR,NR,NR,NR,NR
156,BURHANPUR,NR,NR,NR,NR,NR,NR,NR,NR,NR,NR,NR,NR,NR,NR,NR,NR,NR,NR,NR,NR,NR,NR
157,NARSHINPUR,35,27,34,61,101,92,92,77,39,55,183,171,118,132,172,NR,35,284,10,18,22,10
158,RAISEN,32,30,32,65,118,103,100,95,39,58,180,162,120,132,NR,NR,37,220,27,20,25,11
159,SHEOPUR,40,30,36,75,120,90,90,92,45,60,210,180,140,150,180,NR,45,240,28,20,25,10
160,AGAR MALWA,30,21,30,72,115,95,95,95,39,55,185,165,140,145,175,123,40,360,10,20,20,20
161,UMARIA,NR,NR,NR,NR,NR,NR,NR,NR,NR,NR,NR,NR,NR,NR,NR,NR,NR,NR,NR,NR,NR,NR
162,SHAJAPUR,NR,NR,NR,NR,NR,NR,NR,NR,NR,NR,NR,NR,NR,NR,NR,NR,NR,NR,NR,NR,NR,NR
163,DEWAS,35,30,34,68,112,103,100,96,36,58,167,153,135,126,163,NR,39,210,10,17,19,12
164,KHARGONE,NR,NR,NR,NR,NR,NR,NR,NR,NR,NR,NR,NR,NR,NR,NR,NR,NR,NR,NR,NR,NR,NR
165,SINGRAULI,NR,NR,NR,NR,NR,NR,NR,NR,NR,NR,NR,NR,NR,NR,NR,NR,NR,NR,NR,NR,NR,NR
166,CHHINDWARA,32,32,36,65,112,90,95,95,38,52,197,185,124,152,185,141,35,200,10,20,20,8
167,SEHORE,NR,NR,NR,NR,NR,NR,NR,NR,NR,NR,NR,NR,NR,NR,NR,NR,NR,NR,NR,NR,NR,NR
168,MUMBAI,35,46,52,92,130,131,128,106,44,58,196,178,168,153,155,102,73,310,26,30,33,28
169,NAGPUR,41,39,50,78,117,112,108,108,46,51,195,204,168,151,170,121,57,287,27,27,26,15
170,PUNE,63,40,50,67,133,108,117,85,46,65,194,162,114,145,144,118,39,303,24,23,16,21
171,NASHIK,34,40,41,73,117,107,108,97,39,54,185,200,138,136,155,107,54,308,26,28,23,20
172,MANGAON-RAIGAD,35,49,56,74,120,118,111,96,45,58,176,172,162,147,150,119,65,315,23,40,35,30
173,DHARNI,33,35,37,68,116,101,109,95,40,40,192,180,143,142,178,NR,36,300,10,23,21,38
174,LATUR,54,37,38,58,108,110,108,92,35,58,192,153,86,123,124,101,40,185,28,30,18,16
175,AKLUJ,45,36,44,70,109,107,98,96,37,52,179,148,134,138,168,109,51,282,25,29,28,13
176,ARNI YAVATMAL,47,36,39,65,115,102,97,103,39,59,190,188,143,141,170,NR,50,302,10,28,27,17
177,CHANDRAPUR,35,37,45,72,120,118,117,100,44,53,176,183,151,131,170,NR,50,211,28,32,37,23
178,KARAD SATARA,34,38,46,72,125,113,113,104,38,68,191,177,157,141,158,110,48,260,28,31,25,17
179,AHEMEDNAGAR,46,39,40,66,116,103,95,95,38,51,161,178,134,143,160,123,40,220,26,31,24,24
180,KHULTABAD,47,32,34,67,104,99,102,87,39,46,182,NR,126,145,163,106,55,263,20,33,19,13
181,ISLAMPUR,53,46,47,64,122,110,103,97,37,66,178,183,111,140,150,112,45,323,30,33,32,13
182,KANKAVLI,47,41,40,75,123,119,121,110,40,52,182,185,139,145,160,108,51,335,20,32,31,20
183,PARTUR,55,32,40,60,109,106,109,97,38,55,167,198,159,130,147,110,40,409,10,29,23,13
184,GONDIA,51,37,35,65,101,106,102,100,36,40,180,172,107,133,175,105,37,222,24,23,20,6
185,JALGAON,47,33,36,71,120,113,110,102,38,60,188,172,155,105,152,122,53,355,24,18,15,9
186,AKOLA,33,37,38,67,114,97,90,84,39,65,190,189,88,138,166,109,46,311,24,26,37,15
187,JAIPUR,40,32,35,65,115,97,104,80,40,50,209,155,120,150,176,NR,44,307,17,15,25,18
188,JODHPUR,33,32,33,67,118,97,91,91,41,33,205,183,NR,NR,185,NR,44,300,18,22,22,28
189,KOTA,36,29,34,78,118,104,104,95,42,48,177,162,132,153,168,NR,47,231,22,20,17,18
190,UDAIPUR,31,27,29,97,99,97,99,96,42,45,197,197,139,196,NR,135,50,290,24,25,20,20
191,BHARATPUR,33,30,33,70,115,120,110,90,40,58,195,140,125,135,NR,NR,40,295,26,15,20,20
192,AJMER,41,31,33,74,109,104,104,85,42,53,190,173,120,148,183,78,38,320,20,14,14,14
193,BIKANER,36,32,35,75,110,110,105,91,42,50,176,165,150,145,207,NR,50,280,15,30,20,30
194,BUNDI,41,31,33,62,113,95,98,89,40,55,181,155,133,152,187,NR,48,382,16,18,19,20
195,RAJSAMAND,41,33,35,73,115,101,101,91,40,50,182,175,134,156,171,NR,41,288,19,22,25,22
196,ALWAR,34,33,35,62,98,115,100,84,39,54,177,158,138,137,156,NR,39,307,16,15,20,15
197,BANSWARA,38,26,35,68,111,101,100,91,41,52,181,163,115,163,177,NR,46,382,24,21,22,21
198,BARAN,32,32,34,61,120,105,100,85,37,44,185,160,110,130,160,NR,34,200,10,15,20,20
199,BARMER,31,28,38,58,110,95,88,85,42,NR,190,178,107,156,175,NR,42,347,27,11,17,15
200,BHILWARA,43,32,34,68,116,101,97,87,42,49,193,178,133,168,183,135,44,293,20,28,38,30
201,CHHITORGARH,38,29,34,68,122,107,105,97,40,51,180,183,148,140,192,NR,48,320,22,12,16,18
202,CHURU,30,28,29,NR,87,97,91,82,39,46,172,168,145,148,169,NR,38,305,15,25,25,31
203,DHOLAPUR,32,29,30,67,107,97,98,85,40,48,215,151,104,145,NR,NR,41,390,29,26,29,19
204,DUNGARPUR,44,33,36,78,101,103,101,99,44,53,189,177,NR,149,201,NR,50,291,40,21,22,19
205,HANUMANGARH,33,32,35,79,123,118,125,119,47,47,225,174,154,162,212,NR,43,363,17,24,23,33
206,JAISALMER,31,32,34,71,108,100,92,87,45,52,187,167,111,148,152,NR,42,253,17,22,25,23
207,JALORE,37,32,32,65,116,115,100,98,40,50,199,160,133,160,188,NR,41,263,22,25,27,23
208,JHALAWAR,42,31,35,64,103,96,96,85,44,57,215,162,115,145,180,NR,51,420,24,26,31,28
209,JHUNJHUNU,37,33,40,98,98,98,98,94,40,43,195,168,144,153,189,NR,38,205,15,18,18,27
210,KARAULI,40,29,31,60,100,100,100,80,40,NR,180,147,120,160,NR,NR,40,400,25,25,25,20
211,NAGAUR,30,30,36,63,105,104,85,85,40,50,162,160,114,157,NR,NR,47,300,16,22,35,15
212,PALI,59,30,32,64,108,104,87,92,43,59,177,168,108,154,154,151,41,277,17,28,27,16
213,RJ-PRATAPGARH,60,29,30,73,107,105,95,90,40,57,200,180,150,150,160,149,38,317,20,22,22,25
214,SIKAR,44,31,31,77,99,99,98,96,40,48,175,162,118,160,160,NR,40,300,20,24,32,24
215,SIROHI,38,31,33,65,116,115,98,98,40,50,199,165,133,160,188,NR,48,295,26,29,29,29
216,SRI GANGANAGAR,46,35,36,70,96,90,85,85,46,48,159,153,149,159,227,NR,46,283,27,27,27,28
217,TONK,38,31,34,75,111,106,103,86,42,49,195,153,156,152,165,NR,50,280,14,17,23,17
218,SAWAI MADHOPUR,46,34,31,65,95,101,93,80,39,50,200,141,108,129,180,NR,38,268,21,17,26,17
219,EAST ZONE,,,,,,,,,,,,,,,,,,,,,,
220,PATNA,38,31,40,69,108,102,106,84,42,52,NR,148,114,151,178,119,40,290,22,21,25,15
221,BHAGALPUR,39,32,38,72,110,107,107,90,44,52,NR,164,131,152,189,135,52,275,24,14,30,16
222,PURNIA,34,35,37,63,107,100,99,78,44,51,NR,156,99,149,NR,102,42,324,13,14,19,19
223,DARBHANGA,34,31,42,65,95,96,95,80,42,46,NR,160,140,150,NR,102,45,195,15,13,24,24
224,GAYA,31,28,38,71,111,110,93,93,44,60,NR,188,147,171,187,130,48,363,21,15,24,15
225,MUZZAFARPUR,37,27,34,67,113,103,102,84,41,51,NR,154,150,156,187,105,43,267,22,18,24,25
226,SARAN,41,31,37,67,107,103,103,81,43,52,NR,163,143,152,NR,108,41,239,24,15,23,16
227,MUNGER,34,32,36,73,113,108,105,85,43,52,NR,186,154,155,248,NR,51,275,26,17,20,20
228,SAHARSA,38,27,34,63,109,96,95,76,42,50,NR,175,144,142,NR,NR,58,128,22,25,28,44
229,MADHUBANI,40,31,37,65,94,99,99,78,43,50,176,154,139,149,188,102,46,300,17,15,24,18
230,ROHTAS (SASARAM),24,32,38,62,102,98,98,76,42,61,210,151,128,143,168,105,38,197,27,14,22,14
231,MOTIHARI,37,30,28,65,99,97,95,85,42,51,157,159,135,134,135,126,43,284,18,12,20,21
232,SAMASTIPUR,43,32,36,67,98,102,98,78,42,51,180,162,123,148,184,115,47,283,19,13,23,18
233,KATIHAR,46,30,36,66,112,114,96,92,42,52,NR,165,156,145,165,NR,46,310,19,14,22,20
234,ARARIA,48,30,39,65,102,139,100,99,42,54,NR,164,152,153,200,150,42,342,22,22,22,22
235,NAWADA,30,28,33,65,110,101,93,85,41,53,172,166,140,143,207,118,39,307,14,23,26,18
236,KHAGARIA,43,28,36,65,107,107,101,84,43,42,238,153,100,150,151,105,42,370,25,19,23,25
237,BANKA,40,29,36,81,103,100,81,86,45,56,NR,158,128,146,202,133,43,205,13,23,24,28
238,ARWAL,33,27,33,66,109,109,106,83,40,50,NR,163,142,147,NR,117,36,245,25,16,23,21
239,AURANGABAD,31,28,31,67,103,103,107,85,40,55,NR,190,132,150,NR,NR,40,187,25,17,21,32
240,BEGUSARAI,34,28,34,65,111,102,103,86,39,51,NR,155,131,147,NR,111,44,319,12,15,26,28
241,BHOJPUR ARA,45,37,37,70,120,121,100,95,47,55,247,171,165,150,218,NR,49,369,29,20,22,10
242,BUXAR,22,33,36,64,112,105,105,80,41,54,180,158,138,148,188,130,39,260,26,15,20,11
243,GOPALGANJ,40,32,36,70,110,110,112,86,43,54,220,165,133,160,180,110,45,243,22,16,23,28
244,JAMUI,39,34,38,69,111,106,104,87,44,54,NR,165,130,149,NR,132,49,253,27,15,18,17
245,JEHANABAD,32,28,32,82,120,125,120,90,42,52,NR,190,160,160,NR,NR,39,208,21,16,30,19
246,KAIMUR,42,29,34,64,111,105,105,82,41,54,220,155,157,157,185,120,48,240,22,19,28,33
247,KISHANGANJ,34,27,34,71,116,111,99,93,40,56,NR,165,NR,157,185,140,51,312,27,18,21,20
248,LAKHISARAI,37,33,36,69,111,105,103,84,43,54,NR,165,131,151,NR,132,41,270,27,13,25,13
249,MEDHEPURA,38,28,39,65,108,106,98,78,45,53,NR,161,105,151,154,106,39,328,12,19,23,30
250,NALANDA,38,31,35,69,111,109,96,98,45,56,257,176,147,145,232,NR,52,368,24,24,24,21
251,SHEIKHPURA,35,34,38,68,120,105,106,92,42,52,NR,168,140,155,NR,NR,42,243,28,10,25,13
252,SHEOHAR,43,30,41,66,108,115,104,82,42,53,174,165,123,155,195,106,47,197,27,17,24,24
253,SITAMARHI,29,28,34,67,107,103,104,85,41,52,NR,162,113,149,190,142,41,342,27,13,20,29
254,SIWAN,32,32,36,62,100,91,96,76,40,54,236,149,146,146,236,101,43,270,26,12,22,17
255,SUPAUL,40,29,40,70,112,102,105,90,40,51,155,158,120,152,160,120,38,360,12,14,30,38
256,VAISHALI,35,34,38,63,107,97,94,75,44,56,151,149,113,148,168,104,37,250,28,20,16,25
257,WEST CHAMPARAN,39,31,39,74,118,128,99,100,43,51,171,163,172,149,209,123,51,292,15,24,25,37
258,RANCHI,43,34,38,64,108,95,92,75,40,56,225,148,105,140,150,98,40,240,27,12,20,10
259,GUMLA,35,NR,40,96,99,99,96,96,48,50,180,150,125,135,199,105,45,260,20,14,25,6
260,SAHIBGANJ,33,30,36,74,125,100,110,92,42,50,230,180,125,195,NR,NR,50,400,20,12,25,13
261,BOKARO,31,28,33,68,95,92,95,83,NR,NR,170,165,130,145,170,125,NR,NR,NR,19,24,22
262,LOHARDAGA,35,26,23,64,103,98,98,78,42,54,NR,169,138,163,182,137,38,192,21,18,22,9
263,SIMDEGA,33,NR,37,68,110,97,98,79,42,NR,NR,170,154,163,NR,112,37,NR,26,11,21,10
264,DHANBAD,36,30,34,72,108,115,104,95,44,58,218,165,134,172,195,109,47,425,18,15,27,13
265,JAMSHEDPUR (EAST SINGBHUM),45,34,32,65,110,90,95,80,41,56,200,170,140,150,166,155,42,220,22,15,25,21
266,GIRIDHI,31,28,29,80,98,100,108,88,42,55,NR,188,130,186,208,176,40,300,16,15,29,12
267,SERAIKELLA,32,28,34,63,108,96,96,76,41,56,167,151,140,133,189,101,43,213,25,12,27,10
268,WEST SINGHBHUM,30,39,38,71,117,110,111,83,45,57,149,155,119,142,139,79,45,271,23,13,28,14
269,DALTONGANJ,37,33,36,84,115,105,101,94,NR,NR,NR,NR,NR,NR,NR,NR,NR,NR,NR,NR,NR,NR
270,DEOGHAR,35,33,39,71,112,105,99,88,43,56,215,164,151,155,170,101,44,261,24,20,21,20
271,RAMGARH,34,33,36,61,105,96,93,76,41,NR,NR,154,124,153,190,100,35,279,25,19,23,18
272,PAKUR,44,33,40,78,105,109,115,89,44,50,170,185,132,168,141,115,50,385,25,17,25,11
273,BHUBANESHWAR,30,36,40,68,110,98,104,79,44,48,NR,165,126,NR,145,99,50,227,25,14,25,22
274,CUTTACK,36,41,43,69,113,99,108,79,45,46,NR,185,107,NR,151,114,45,250,27,13,25,21
275,SAMBALPUR,31,31,36,63,107,95,93,76,43,48,NR,183,109,NR,157,113,37,247,22,12,22,14
276,ROURKELA,31,34,38,67,108,96,100,85,43,52,NR,170,116,148,165,116,46,240,26,13,20,25
277,BERHAMPUR,31,35,36,65,93,96,91,91,44,49,NR,191,150,137,187,150,47,246,22,20,26,30
278,JEYPORE,33,33,38,68,110,109,105,81,40,48,NR,165,98,NR,141,102,45,200,28,14,24,20
279,BALASORE,NR,NR,NR,NR,NR,NR,NR,NR,NR,NR,NR,NR,NR,NR,NR,NR,NR,NR,NR,NR,NR,NR
280,BARIPADA,30,38,40,68,110,95,95,78,41,48,180,165,113,180,156,99,50,230,25,12,25,15
281,BALANGIR,35,35,42,65,103,103,94,78,40,48,NR,165,92,151,145,100,35,NR,27,13,26,10
282,ANGUL,33,NR,39,64,114,97,94,86,42,49,NR,172,NR,NR,157,104,42,362,25,13,23,14
283,BOUDHGARH,NR,NR,NR,NR,NR,NR,NR,NR,NR,NR,NR,NR,NR,NR,NR,NR,NR,NR,NR,NR,NR,NR
284,DHENKANAL,32,36,40,70,110,96,97,90,42,52,145,165,145,145,150,102,55,250,28,13,25,20
285,JAGATSINGHPUR,NR,NR,NR,NR,NR,NR,NR,NR,NR,NR,NR,NR,NR,NR,NR,NR,NR,NR,NR,NR,NR,NR
286,KANDHAMAL,31,35,41,65,105,107,105,83,45,54,NR,175,148,NR,157,103,45,NR,27,23,35,23
287,KEONJHAR,34,36,40,70,115,100,110,80,40,50,NR,165,104,NR,155,105,34,429,27,12,27,10
288,MALKANGIRI,40,NR,38,67,106,95,100,77,39,48,NR,160,100,NR,151,101,47,380,27,16,25,20
289,NABARANGPUR,32,44,39,79,74,120,80,76,43,48,235,145,148,148,183,105,38,370,19,19,25,14
290,NAYAGARH,31,NR,NR,70,105,118,100,85,42,48,NR,165,130,NR,150,97,50,NR,26,14,25,15
291,NUAPADA,40,38,40,75,120,80,105,80,40,44,200,180,150,175,160,105,45,310,28,18,25,8
292,PARALAKHEMUNDI GAJAPATI,50,NR,40,64,115,112,89,84,40,NR,NR,173,140,NR,151,97,45,178,28,27,30,15
293,PURI,30,37,39,69,110,98,104,80,43,50,NR,169,130,NR,154,101,50,227,28,15,28,19
294,RAYAGADA,55,NR,30,68,85,108,105,85,42,60,NR,165,100,145,140,100,45,NR,10,20,25,20
295,SONEPUR,30,NR,41,67,108,98,98,85,40,48,NR,175,143,NR,156,105,45,360,10,11,21,8
296,KOLKATA,41,NR,38,72,114,103,110,101,43,50,NR,158,134,144,163,108,52,267,20,12,28,21
297,SILIGURI,37,29,34,71,111,102,95,98,45,51,180,171,120,144,169,121,52,211,15,21,28,25
298,PURULIA,30,NR,36,65,98,101,101,93,40,52,170,155,102,145,135,98,40,275,28,7,22,12
299,KHARAGPUR,NR,NR,NR,NR,NR,NR,NR,NR,NR,NR,NR,NR,NR,NR,NR,NR,NR,NR,NR,NR,NR,NR
300,RAMPURHAT,50,22,32,78,130,120,121,108,46,56,199,155,125,148,150,115,58,300,20,13,25,21
301,MALDA,35,23,36,74,119,109,109,111,43,43,NR,175,134,143,178,138,47,317,21,22,27,23
302,RAIGANJ,39,30,35,70,123,125,108,104,43,42,194,163,103,148,175,105,55,255,10,14,26,37
303,NORTH EAST ZONE,,,,,,,,,,,,,,,,,,,,,,
304,PORT BLAIR,43,40,67,80,116,129,115,100,51,67,NR,213,220,NR,189,133,71,325,20,35,45,60
305,MAYABUNDER,41,NR,66,83,128,138,125,112,48,69,203,204,188,NR,174,117,66,NR,19,40,50,60
306,CAR NICOBAR,40,NR,65,90,140,150,140,130,55,68,246,240,194,NR,250,155,85,285,23,50,55,70
307,ITANAGAR,25,NR,45,88,120,120,120,110,50,70,NR,170,140,145,216,NR,NR,NR,15,25,40,50
308,NAMSAI,NR,NR,NR,NR,NR,NR,NR,NR,NR,NR,NR,NR,NR,NR,NR,NR,NR,NR,NR,NR,NR,NR
309,PASIGHAT,43,NR,43,87,110,110,110,100,48,70,NR,157,136,162,NR,NR,70,330,19,19,35,23
310,TAWANG,38,40,40,90,130,130,130,110,50,70,NR,160,140,180,175,138,85,240,18,35,40,40
311,GUWAHATI,31,33,38,65,105,90,97,85,44,65,210,174,159,145,165,120,44,200,11,18,30,35
312,BARPETA,40,24,35,68,115,98,100,83,43,70,NR,187,155,170,145,140,45,205,12,20,30,30
313,TINSUKIA,28,NR,39,70,95,90,105,90,43,70,NR,170,155,145,175,NR,50,180,12,15,28,NR
314,DHUBRI,NR,NR,NR,NR,NR,NR,NR,NR,NR,NR,NR,NR,NR,NR,NR,NR,NR,NR,NR,NR,NR,NR
315,GOALPARA,52,28,33,70,117,107,100,97,41,55,187,172,151,153,183,141,47,230,12,20,30,20
316,GOLAGHAT,30,30,35,77,109,104,104,95,45,59,NR,184,178,177,185,172,65,265,12,16,26,28
317,MANGALDAI,37,33,38,68,106,95,101,92,43,70,NR,195,145,142,180,135,60,280,14,20,34,50
318,MUSHALPUR,33,31,32,74,110,NR,107,85,42,70,NR,178,142,185,185,147,40,198,10,17,33,29
319,UDALGURI,38,27,37,72,107,111,100,92,44,70,NR,180,144,168,199,119,58,260,16,18,30,41
320,BAJALI,NR,NR,NR,NR,NR,NR,NR,NR,NR,NR,NR,NR,NR,NR,NR,NR,NR,NR,NR,NR,NR,NR
321,HOJAI,27,NR,40,65,105,80,97,80,44,70,NR,152,100,142,190,109,57,190,10,13,31,29
322,JORHAT,37,35,37,70,109,107,100,100,45,70,NR,192,170,150,188,112,58,212,10,16,26,45
323,BONGAIGAON,34,NR,35,70,117,95,107,105,42,72,NR,170,152,154,174,109,50,348,10,14,30,25
324,MORIGAON,35,NR,38,74,115,100,102,88,42,70,NR,172,140,155,170,108,59,237,10,16,30,38
325,SONARI,36,NR,36,70,104,98,105,98,43,70,NR,180,NR,154,NR,NR,53,153,12,12,30,19
326,TAMULPUR,28,34,35,74,105,75,103,88,40,67,NR,152,114,168,NR,105,40,320,10,18,28,18
327,SIVASAGAR,41,NR,45,73,110,90,106,95,45,70,NR,158,183,167,170,NR,60,263,10,16,29,NR
328,BISWANATH CHARIALI,40,NR,38,76,121,NR,103,106,43,74,NR,175,140,203,185,NR,53,225,12,13,25,31
329,DIBRUGARH,40,NR,41,72,113,103,108,98,44,70,NR,175,159,157,198,NR,55,280,23,15,32,33
330,KARIMGANJ,29,NR,39,69,106,106,101,79,42,70,NR,166,133,138,193,104,48,238,14,15,27,28
331,MAJULI,43,NR,43,77,113,88,107,105,47,70,NR,160,160,163,NR,NR,57,230,15,19,31,45
332,SONITPUR TEZPUR,35,NR,36,68,116,106,104,98,43,69,225,154,171,140,170,NR,46,305,10,12,23,43
333,IMPHAL,45,NR,45,80,120,135,120,90,45,30,185,240,170,240,210,116,80,230,14,25,28,60
334,CHANDEL,NR,NR,NR,NR,NR,NR,NR,NR,NR,NR,NR,NR,NR,NR,NR,NR,NR,NR,NR,NR,NR,NR
335,JIRIBAM,NR,NR,NR,NR,NR,NR,NR,NR,NR,NR,NR,NR,NR,NR,NR,NR,NR,NR,NR,NR,NR,NR
336,KANGPOKPI,43,NR,41,90,125,NR,107,100,50,70,NR,155,NR,175,NR,130,77,270,15,35,43,NR
337,SENAPATI,NR,NR,NR,NR,NR,NR,NR,NR,NR,NR,NR,NR,NR,NR,NR,NR,NR,NR,NR,NR,NR,NR
338,TAMENGLONG,NR,NR,NR,NR,NR,NR,NR,NR,NR,NR,NR,NR,NR,NR,NR,NR,NR,NR,NR,NR,NR,NR
339,THOUBAL,NR,NR,NR,NR,NR,NR,NR,NR,NR,NR,NR,NR,NR,NR,NR,NR,NR,NR,NR,NR,NR,NR
340,UKHRUL,NR,NR,NR,NR,NR,NR,NR,NR,NR,NR,NR,NR,NR,NR,NR,NR,NR,NR,NR,NR,NR,NR
341,SHILLONG,36,38,36,77,107,107,110,95,44,70,NR,160,130,145,NR,NR,70,300,30,25,38,40
342,TURA,30,42,40,80,120,120,110,100,45,70,NR,170,NR,160,180,115,80,500,22,27,37,37
343,JOWAI,27,40,38,80,100,115,110,90,45,70,NR,160,NR,160,200,140,70,360,30,20,35,30
344,SOHRA,25,39,38,NR,110,130,110,90,45,68,NR,160,NR,160,NR,NR,100,330,28,45,50,60
345,MAIRANG,32,40,39,NR,NR,NR,NR,90,45,70,NR,150,NR,150,NR,NR,NR,340,12,21,40,47
346,NONGPOH,28,40,40,80,120,140,100,90,45,70,165,165,154,165,220,148,60,290,20,20,35,40
347,KHLIEHRIAT,25,35,35,60,97,110,97,90,45,70,NR,143,143,150,149,NR,70,208,25,30,35,33
348,WILLIAMNAGAR,25,45,45,83,120,NR,130,100,46,70,NR,193,NR,203,NR,150,NR,320,15,25,40,47
349,NONGSTOIN,25,35,37,NR,NR,NR,120,100,48,70,NR,168,162,173,172,172,NR,360,17,33,40,53
350,AIZAWL,45,40,40,100,130,130,120,130,53,70,198,193,176,193,198,143,120,125,27,40,65,60
351,LUNGLEI,50,40,45,98,NR,NR,120,105,50,75,NR,190,220,150,NR,NR,100,130,25,40,60,70
352,KOLASIB,45,40,40,95,120,130,100,95,48,75,NR,193,NR,145,220,137,100,320,25,35,43,67
353,MAMIT,50,NR,40,NR,NR,NR,NR,110,50,75,NR,NR,NR,150,NR,NR,NR,130,30,40,50,70
354,CHAMPHAI,60,NR,50,NR,NR,NR,NR,120,50,80,NR,NR,NR,190,NR,NR,NR,130,30,40,77,53
355,SERCHHIP,36,NR,45,NR,NR,NR,NR,110,49,77,NR,225,200,143,NR,NR,100,287,29,38,47,77
356,SIAHA,50,45,40,115,NR,NR,NR,NR,50,75,NR,220,NR,190,NR,NR,NR,125,30,NR,NR,NR
357,LAWNGTLAI,44,39,39,80,110,100,110,100,50,60,180,180,96,177,110,110,47,520,23,35,53,52
358,HNAHTHIAL,45,NR,45,80,80,110,130,95,50,76,NR,210,NR,150,NR,NR,NR,130,30,30,40,NR
359,KHAWZAWL,40,NR,45,100,137,NR,140,98,50,75,150,175,NR,148,NR,NR,NR,140,30,37,53,67
360,SAITUAL,30,40,NR,NR,NR,NR,NR,NR,NR,NR,NR,NR,NR,NR,NR,NR,NR,NR,NR,NR,NR,NR
361,KOHIMA,NR,NR,NR,NR,NR,NR,NR,NR,NR,NR,NR,NR,NR,NR,NR,NR,NR,NR,NR,NR,NR,NR
362,DIMAPUR,25,43,40,70,115,95,105,90,50,80,210,160,200,170,210,165,80,210,15,16,30,30
363,TUENSANG,NR,NR,NR,NR,NR,NR,NR,NR,NR,NR,NR,NR,NR,NR,NR,NR,NR,NR,NR,NR,NR,NR
364,MOKOCHUNG,40,35,42,100,130,160,130,110,50,68,180,160,170,200,180,180,90,350,15,35,40,60
365,CHUMUKEDIMA,25,NR,35,87,100,100,110,100,50,75,NR,150,NR,150,NR,NR,70,360,30,35,40,33
366,MON,NR,NR,NR,NR,NR,NR,NR,NR,50,65,NR,215,NR,220,NR,NR,60,400,15,30,50,80
367,PEREN,22,40,35,NR,120,NR,120,100,50,68,NR,NR,NR,NR,NR,NR,NR,340,15,NR,NR,NR
368,PHEK,30,40,40,100,130,120,130,100,NR,NR,NR,NR,NR,NR,NR,NR,NR,NR,NR,NR,NR,NR
369,TSEMINYU,40,NR,30,120,NR,120,120,100,45,68,NR,160,220,170,200,NR,NR,350,13,35,40,70
370,WOKHA,40,NR,40,100,120,125,120,100,50,68,NR,160,200,180,NR,NR,NR,290,15,40,40,60
371,ZUNHEBOTO,NR,NR,NR,NR,NR,NR,NR,NR,NR,NR,NR,NR,NR,NR,NR,NR,NR,NR,NR,NR,NR,NR
372,KIPHIRE,NR,NR,NR,NR,NR,NR,NR,NR,50,70,NR,NR,NR,NR,NR,NR,80,320,15,NR,NR,NR
373,LONGLENG,NR,NR,NR,NR,NR,NR,NR,NR,NR,NR,NR,NR,NR,NR,NR,NR,NR,NR,NR,NR,NR,NR
374,NIULAND,NR,NR,NR,NR,NR,NR,NR,NR,NR,NR,NR,NR,NR,NR,NR,NR,NR,NR,NR,NR,NR,NR
375,SHAMATOR,50,NR,50,120,120,110,120,120,50,NR,NR,190,210,185,NR,NR,NR,160,20,NR,NR,NR
376,GANGTOK,52,39,41,80,118,120,117,102,48,62,NR,198,123,167,198,NR,60,547,17,25,35,30
377,GYALSHING,55,35,41,80,120,120,120,103,50,62,NR,198,145,198,220,NR,60,473,20,33,38,40
378,NAMCHI,58,32,45,80,120,130,106,92,45,62,NR,183,114,167,190,NR,50,420,21,35,35,35
379,SORENG,53,36,38,80,135,135,115,115,48,62,NR,203,137,163,242,NR,45,460,17,42,40,40
380,MANGAN,58,36,36,80,135,135,120,107,50,60,NR,187,167,NR,191,NR,66,343,17,28,40,40
381,AGARTALA,32,NR,44,77,115,115,115,110,49,80,NR,174,138,159,173,115,52,179,10,25,35,30
382,DHARMANAGAR,NR,NR,NR,NR,NR,NR,NR,NR,NR,NR,NR,NR,NR,NR,NR,NR,NR,NR,NR,NR,NR,NR
383,BELONIA,32,NR,42,NR,NR,NR,105,112,45,68,NR,175,NR,157,190,118,87,266,10,24,26,67
384,TR-UDAIPUR,NR,NR,NR,NR,NR,NR,NR,NR,NR,NR,NR,NR,NR,NR,NR,NR,NR,NR,NR,NR,NR,NR
385,SOUTH ZONE,,,,,,,,,,,,,,,,,,,,,,
386,VIJAYWADA,55,47,53,72,116,124,114,98,43,68,170,179,134,NR,153,96,55,297,19,33,30,31
387,VISAKHAPATNAM,41,36,39,70,115,117,110,92,40,52,170,180,103,NR,150,102,44,260,20,16,23,18
388,KURNOOL,52,42,41,71,118,127,111,115,40,61,166,207,133,190,142,97,60,450,24,39,27,19
389,TIRUPATHI,60,40,40,70,117,121,103,107,45,46,171,217,111,150,162,119,58,383,20,33,30,27
390,JAMMALAMADUGU,40,40,42,65,100,110,110,100,35,60,182,258,120,200,195,165,54,200,20,40,20,20
391,DHARMAVARAM,NR,NR,NR,NR,NR,NR,NR,NR,NR,NR,NR,NR,NR,NR,NR,NR,NR,NR,NR,NR,NR,NR
392,PRAKASAM,NR,NR,NR,NR,NR,NR,NR,NR,NR,NR,NR,NR,NR,NR,NR,NR,NR,NR,NR,NR,NR,NR
393,BENGALURU,51,42,40,75,112,123,110,99,40,43,213,190,96,157,149,102,53,440,16,29,26,24
394,DHARWAD,49,43,60,76,128,125,114,118,39,46,206,205,157,151,145,100,53,393,26,28,23,22
395,MANGALORE,48,47,59,65,121,109,98,89,39,41,182,197,140,147,154,118,59,380,14,31,29,29
396,MYSORE,50,41,53,84,109,97,105,96,37,40,206,193,167,159,147,102,60,340,19,35,27,25
397,BENGALURU (EAST RANGE),49,43,39,78,119,120,115,93,39,40,159,188,96,155,154,104,55,240,15,34,28,26
398,BELAGAVI,45,40,42,63,116,102,107,92,38,50,175,172,112,137,147,108,48,280,19,28,22,15
399,KALABURAGI,45,37,45,75,109,112,105,106,39,49,195,187,134,143,157,110,42,278,23,30,26,20
400,TUMAKURU,52,40,42,81,107,117,111,97,40,43,182,182,144,154,148,100,59,297,17,37,30,25
401,BELLARY,49,42,39,57,109,101,99,87,38,45,170,172,96,131,138,100,42,195,25,29,24,21
402,DHAVANAGERE,57,41,63,71,115,115,105,102,39,44,168,204,127,144,150,104,52,300,25,30,28,22
403,SHIVAMOGGA,50,41,38,73,124,122,115,106,38,46,192,182,104,146,156,103,44,256,25,35,28,28
404,VIJAYAPUR,50,37,41,75,121,120,113,124,40,52,204,208,175,155,173,107,56,307,21,32,25,15
405,RAMANAGARA,49,39,40,71,102,123,113,112,38,44,155,190,100,150,148,100,49,193,17,40,20,15
406,RAICHUR,NR,NR,NR,NR,NR,NR,NR,NR,NR,NR,NR,NR,NR,NR,NR,NR,NR,NR,NR,NR,NR,NR
407,CHAMARAJANAGAR,48,39,38,73,115,117,103,72,39,40,163,183,113,NR,142,71,43,340,13,32,23,13
408,KOLAR,50,41,42,118,123,110,112,113,40,46,199,178,203,160,163,109,51,327,10,38,28,26
409,HAVERI,43,33,37,78,93,78,78,70,34,54,168,162,127,159,162,93,39,248,9,33,27,10
410,BAGALKOT,48,41,44,71,123,124,104,94,38,50,185,210,117,143,150,101,42,420,26,32,30,20
411,BIDAR,47,40,43,67,119,119,90,94,35,72,177,181,124,141,157,107,34,295,30,29,27,22
412,KOPPAL,47,42,49,71,116,121,112,104,44,42,178,172,133,165,159,105,45,254,13,41,36,14
413,MANDYA,48,42,47,73,106,110,102,99,38,40,182,178,102,165,145,98,42,275,15,31,26,24
414,YADGIR,46,43,45,72,117,130,113,113,41,58,178,175,118,158,159,103,44,407,26,43,50,37
415,CHIKKAMAGALUR,43,38,37,82,114,114,106,100,39,44,183,185,124,136,163,101,54,275,17,35,27,19
416,BANGALORE RURAL,47,37,53,76,125,112,108,103,NR,NR,188,157,110,162,157,107,NR,NR,NR,27,27,40
417,CHIKKABALLAPUR,47,44,40,81,127,127,102,103,40,42,210,202,118,183,173,103,50,415,18,40,34,28
418,CHITRADURGA,54,38,49,83,120,108,103,112,42,46,188,212,145,144,162,109,48,303,21,47,27,25
419,GADAG,50,47,49,83,119,120,113,109,39,52,184,190,100,162,140,100,40,320,15,32,25,20
420,HASSAN,45,37,56,68,124,115,98,88,38,46,157,191,107,167,146,95,50,230,15,27,27,28
421,KODAGU,53,42,50,93,128,128,118,113,40,40,183,150,157,175,147,100,43,201,16,28,38,37
422,UDUPI,46,44,46,75,115,104,110,101,39,44,174,203,127,183,157,110,44,270,27,37,30,27
423,UTTARA KANNADA,48,41,38,66,108,109,106,97,41,46,215,201,147,154,151,106,46,248,26,33,29,21
424,VIJAYANAGARA,NR,NR,NR,NR,NR,NR,NR,NR,NR,NR,NR,NR,NR,NR,NR,NR,NR,NR,NR,NR,NR,NR
425,T.PURAM,53,41,60,118,137,157,148,135,41,51,237,194,175,NR,154,120,76,267,15,42,30,40
426,ERNAKULAM,49,45,44,95,138,147,125,115,43,56,208,195,162,NR,152,119,62,232,16,42,31,41
427,KOZHIKODE,40,46,51,83,132,137,127,108,42,51,207,215,155,NR,156,116,62,227,14,31,28,27
428,THRISSUR,50,43,54,102,144,135,134,121,43,54,227,224,172,NR,160,125,66,259,15,46,33,44
429,PALAKKAD,42,41,46,83,131,132,121,106,41,50,217,202,158,NR,148,102,53,253,12,35,26,27
430,WAYANAD,59,47,41,94,136,131,127,114,38,52,NR,213,180,NR,159,111,49,217,15,32,27,30
431,KASARGOD,60,48,52,86,134,114,116,104,40,NR,NR,NR,161,NR,140,98,44,222,16,29,23,25
432,KOTTAYAM,54,40,40,120,135,122,110,105,40,54,NR,219,182,NR,153,103,59,232,13,40,27,54
433,PATHANAMTHITTA,55,34,38,95,123,135,118,118,40,53,NR,248,190,NR,165,110,70,237,14,47,30,40
434,ALAPUZHA,56,51,63,92,138,134,132,127,40,52,NR,NR,165,NR,160,NR,59,193,13,38,29,41
435,KOLLAM,62,47,45,95,146,132,127,112,42,52,245,NR,174,NR,164,118,72,280,16,37,34,41
436,IDUKKI,50,40,38,88,125,125,102,90,40,60,NR,211,156,NR,162,110,59,177,13,36,32,37
437,KANNUR,48,47,45,83,134,128,126,103,40,52,NR,NR,170,NR,160,102,50,259,15,31,25,25
438,MALAPURAM,44,45,46,82,132,131,117,122,39,52,228,220,159,NR,179,112,50,243,15,30,26,26
439,PUDUCHERRY,36,39,37,77,124,126,110,101,43,46,177,175,157,NR,134,98,53,341,26,30,25,18
440,CHENNAI,57,41,41,71,113,112,102,87,39,40,186,182,121,NR,147,97,61,303,26,27,24,31
441,DINDIGUL,57,42,52,72,117,118,105,97,39,43,215,205,125,NR,162,104,60,300,25,35,30,25
442,THIRUCHIRAPALLI,56,38,61,74,123,125,110,105,39,43,213,197,131,NR,155,98,57,NR,27,35,33,27
443,COIMBATORE,42,42,40,74,118,112,108,83,40,40,230,175,133,NR,164,108,55,240,25,30,23,25
444,TIRUNELVELI,39,40,60,72,120,119,108,90,39,40,241,210,131,NR,164,105,51,249,25,29,27,25
445,CUDDALORE,52,47,52,76,125,127,115,109,39,46,196,199,185,NR,155,104,51,310,22,43,29,27
446,DHARMAPURI,52,42,40,70,118,115,102,88,38,43,225,NR,115,NR,165,105,50,270,25,35,30,30
447,VELLORE,51,44,37,76,112,118,109,92,39,40,197,212,125,NR,165,107,57,268,26,38,27,29
448,RAMANATHAPURAM,50,38,59,69,117,121,104,109,39,43,221,245,133,NR,167,109,49,277,26,41,31,26
449,HYDERABAD,51,37,38,68,108,103,101,96,36,52,163,172,145,173,157,105,51,260,16,23,20,19
450,KARIMNAGAR,37,40,52,70,120,124,106,95,40,59,165,173,108,NR,144,98,55,304,20,30,30,20
451,WARANGAL,42,38,37,73,96,107,98,98,41,54,171,180,155,175,177,126,54,275,15,31,28,36
452,ADILABAD,54,37,44,68,112,98,100,88,36,70,163,205,140,167,148,103,52,310,20,30,27,23
453,SURYAPET,35,35,28,63,95,95,96,90,47,58,183,188,163,NR,158,108,55,282,20,15,37,60
454,JADCHERLA,40,30,50,75,110,125,110,95,39,57,170,178,126,NR,184,140,55,292,14,15,15,30
455,KHAMMAM,48,32,36,60,93,104,94,87,38,71,153,176,111,167,155,119,50,323,20,44,42,41
456,MEDCHAL,49,36,38,61,114,117,107,96,38,61,169,198,138,142,143,109,44,174,18,20,27,11
457,NIZAMABAD,44,43,38,82,117,112,112,104,42,75,177,182,112,NR,160,115,67,341,13,39,36,13
458,SANGAREDDY,43,37,38,67,112,116,106,84,40,65,157,174,134,158,168,110,60,393,22,33,21,19
459,Commodity Name,Rice,Wheat,Atta (Wheat),Gram Dal,Tur/Arhar Dal,Urad Dal,Moong Dal,Masoor Dal,Sugar,Milk @,Groundnut Oil (Packed),Mustard Oil (Packed),Vanaspati (Packed),Soya Oil (Packed),Sunflower Oil (Packed),Palm Oil (Packed),Gur,Tea Loose,Salt Pack (Iodised),Potato,Onion,Tomato
460,Average Price1,38.53,33.47,38.02,72.93,111.72,107.46,104.16,94.03,41.94,55.97,188.09,166.34,138.14,148.9,162.36,112.03,48.73,274.99,21.52,22.4,26.98,24.75
461,Maximum Price1,63,51,67,120,146,160,148,135,60,80,257,258,220,240,250,180,120,580,40,50,77,80
462,Minimum Price1,22,20,23,57,72,72,70,70,34,30,145,135,86,105,110,71,32,125,9,7,14,6
463,Modal Price1,35,29,35,65,110,110,105,90,40,52,185,165,140,150,160,105,45,240,27,15,25,20
